﻿<?xml version="1.0" encoding="utf-8"?>
<Node>
    	
    	<question id="1">請將紅色方塊按從小到大的順序排列在左上角！</question>
	    <question id="2">請將蓝色方塊按從小到大的順序排列在左上角！</question>
	    <question id="2">請將绿色方塊按從小到大的順序排列在左上角！</question>
	<kind>sort</kind>
	<levels>
		<level id="1">
			<answerNumber>2</answerNumber>
			<maxNumber>8</maxNumber>
			<minNumber>3</minNumber>
		</level>
		<level id="2">
			<answerNumber>3</answerNumber>
			<maxNumber>9</maxNumber>
			<minNumber>4</minNumber>
		</level>
		<level id="3">
			<answerNumber>4</answerNumber>
			<maxNumber>10</maxNumber>
			<minNumber>5</minNumber>
		</level>	
		<level id="4">
			<answerNumber>5</answerNumber>
			<maxNumber>11</maxNumber>
			<minNumber>6</minNumber>
		</level>
		<level id="5">
			<answerNumber>5</answerNumber>
			<maxNumber>15</maxNumber>
			<minNumber>10</minNumber>
		</level>
	</levels>
</Node>